INSTANCE_ACCOUNT_ID,INSTANCE_ACCOUNT_SUBDOMAIN,INSTANCE_ACCOUNT_POD_ID,SUBSCRIPTION_RATE_LIMIT,TICKETS_UPDATE_LIMIT,PER_TICKET_UPDATES_LIMIT,INFLIGHT_JOBS_LIMIT,INCREMENTAL_EXPORTS_LIMIT,SUBSCRIPTION_RATE_USED,TICKETS_UPDATE_USED,ERRORS_429_COUNT,has_hvapi,support_plan,is_sandbox,plan_tier,concern_level
26182397,chime1771445669,pod23,10000,,,,,2,,0,0,Unknown,1,Unknown,HIGH
9555850,coupangcustomersupport1573078835,pod25,10000,,,,30,9,,0,0,Unknown,1,Unknown,HIGH
24447294,chime1741195854,pod23,10000,,,,,93,,0,0,Unknown,1,Unknown,HIGH
21745757,chime1722532447,pod23,10000,,,,,222,,0,0,Unknown,1,Unknown,HIGH
25488214,bet365cx1751971501,pod28,5000,100,30,,,4,1,0,0,Unknown,1,Unknown,HIGH
26602465,ryze1781030838,pod20,5000,,,,50,1,,0,0,Unknown,1,Unknown,HIGH
11874142,logitech1640183673,pod23,5000,,,,30,8,,0,0,Unknown,1,Unknown,HIGH
25090640,society1747104224,pod26,5000,,,,30,2,,0,0,Unknown,1,Unknown,HIGH
25809017,logitech1760030431,pod23,5000,,,,,4,,0,0,Unknown,1,Unknown,HIGH
10816463,abinbevdr1617817948,pod23,5000,,,,30,213,,0,0,Unknown,1,Unknown,HIGH
11727334,nubank1637690974,pod19,4000,,,,,24,,0,0,Unknown,1,Unknown,HIGH
25790608,everlywell1759501296,pod20,3500,,,75,,5,,0,0,Unknown,1,Unknown,HIGH
26288298,takeaway1773933034,pod17,3500,,,,,0,,0,0,Unknown,1,Unknown,HIGH
938267,grubhub1455899326,pod20,3000,12000,30,,30,1210,1,0,0,Unknown,1,Unknown,HIGH
9625281,ubercab1576710218,pod20,2500,4000,30,,,5,1,0,0,Unknown,1,Unknown,HIGH
9571067,prodegesupport1573854680,pod20,700,2000,30,,,4,1,0,0,Unknown,1,Unknown,HIGH
19476870,activecampaigninc1702939978,pod28,700,2000,30,,,3,1,0,0,Unknown,1,Unknown,HIGH
20023946,gocareem1708087030,pod19,700,4000,30,,,5,1,0,0,Unknown,1,Unknown,HIGH
26041013,pixartprinting1767367577,pod18,700,20,45,,,4,1,0,0,Unknown,1,Unknown,HIGH
19806294,tmobilehrhelp1706049351,pod20,2500,,,,,8,,0,0,Unknown,1,Unknown,MEDIUM
23614872,fhcustomercare1734019884,pod23,2500,,,,30,20,,0,0,Unknown,1,Unknown,MEDIUM
26654791,ilemployeehub1782757548,pod20,2500,,,,,1,,0,0,Unknown,1,Unknown,MEDIUM
26604102,medlineindiaexpensereporting1781074627,pod27,2500,,,,,1,,0,0,Unknown,1,Unknown,MEDIUM
15811894,intralinks1670875489,pod27,2500,100,30,,,10,1,0,0,Unknown,1,Unknown,MEDIUM
25965535,holman47651764756001,pod17,2500,,,,,8,,0,0,Unknown,1,Unknown,MEDIUM
16661739,pasendemo1678220259,pod23,2500,,,,,56,,0,0,Unknown,1,Unknown,MEDIUM
16689342,abinbevde1678452491,pod20,2500,,,,30,49,,0,0,Unknown,1,Unknown,MEDIUM
26437162,movilepay1777415846,pod13,2500,,,,,9,,0,0,Unknown,1,Unknown,MEDIUM
686668,justeatie1425772459,pod17,2500,,,30,,5,,0,0,Unknown,1,Unknown,MEDIUM
18734630,daznbet1696156738,pod29,2500,,,,,2,,0,0,Unknown,1,Unknown,MEDIUM
26573995,pdishadowrock1780417154,pod20,2500,,,,,1,,0,0,Unknown,1,Unknown,MEDIUM
16943469,topperpay1680620828,pod28,2500,,,,,50,,0,0,Unknown,1,Unknown,MEDIUM
26398875,kingcare1776341139,pod29,2500,,,,,21,,0,0,Unknown,1,Unknown,MEDIUM
19681589,obismarttech1704888969,pod28,2500,,,,30,209,,0,0,Unknown,1,Unknown,MEDIUM
24752569,tollbrothers1743791878,pod19,2500,,,,,77,,0,0,Unknown,1,Unknown,MEDIUM
9353639,smileshelp1562260535,pod23,2500,100,30,,,1,1,0,0,Unknown,1,Unknown,MEDIUM
1563646,justeatno1488194369,pod17,2500,,,,,1,,0,0,Unknown,1,Unknown,MEDIUM
25912326,kaseya1763046478,pod17,2500,,,,30,59,,0,0,Unknown,1,Unknown,MEDIUM
19671591,atendimentohgbrasil1704801360,pod19,2500,,,,,4,,0,0,Unknown,1,Unknown,MEDIUM
15435205,abinbevpe1667573213,pod27,2500,,,,,0,,0,0,Unknown,1,Unknown,MEDIUM
25024531,homedepotca1746456035,pod23,2500,,,,,4,,0,0,Unknown,1,Unknown,MEDIUM
18495707,espnsupport1694040516,pod20,2500,,,,,2,,0,0,Unknown,1,Unknown,MEDIUM
22246037,conbcrcx32481726685208,pod20,2500,,,,,25,,0,0,Unknown,1,Unknown,MEDIUM
9728877,lulobank1581532328,pod20,2500,,,,,57,,0,0,Unknown,1,Unknown,MEDIUM
10366312,mettle1603886501,pod28,2500,,,,,102,,0,0,Unknown,1,Unknown,MEDIUM
11967335,gsretail1641255047,pod25,2500,,,,,7,,0,0,Unknown,1,Unknown,MEDIUM
9920949,footlocker18881588969827,pod23,2500,,,,,15,,0,0,Unknown,1,Unknown,MEDIUM
9888555,medirectbank1587974674,pod18,2500,,,,,21,,0,0,Unknown,1,Unknown,MEDIUM
24180277,pdiblinkcx1738894624,pod15,2500,,,,,0,,0,0,Unknown,1,Unknown,MEDIUM
25397642,thdoccwfm1750273957,pod27,2500,,,,,4,,0,0,Unknown,1,Unknown,MEDIUM
15484816,idme1668012494,pod23,2500,,,,,1,,0,0,Unknown,1,Unknown,MEDIUM
26619945,letsdeel1781600015,pod17,2500,,,,,83,,0,0,Unknown,1,Unknown,MEDIUM
25621489,reapglobal1755072312,pod15,2500,,,30,,202,,10,0,Unknown,1,Unknown,MEDIUM
10542280,lulobank1610049328,pod20,2500,,,,,79,,0,0,Unknown,1,Unknown,MEDIUM
9929342,mendixsupport1589272511,pod28,2500,100,30,,,5,1,0,0,Unknown,1,Unknown,MEDIUM
20926355,atendimentoiupp1715980878,pod20,2500,,,,30,36,,0,0,Unknown,1,Unknown,MEDIUM
10824017,dynatrace1617992890,pod23,2500,,,,,10,,0,0,Unknown,1,Unknown,MEDIUM
24867839,leroymerlinsa1744879341,pod18,2500,,,,,4,,0,0,Unknown,1,Unknown,MEDIUM
26292771,giltsupport1774027220,pod23,2500,,,,,8,,0,0,Unknown,1,Unknown,MEDIUM
19793583,medlinecapitalequip1705935084,pod19,2500,,,,,15,,0,0,Unknown,1,Unknown,MEDIUM
26643784,conpevenpse1782376978,pod29,2500,,,,,152,,0,0,Unknown,1,Unknown,MEDIUM
26704275,backbonecustomerservice1784277655,pod28,2500,,,,,4,,0,0,Unknown,1,Unknown,MEDIUM
22162118,thdidm1725988065,pod20,2500,,,,,1,,0,0,Unknown,1,Unknown,MEDIUM
26588554,tilt1780688068,pod23,2500,100,30,,,3,2,0,0,Unknown,1,Unknown,MEDIUM
25888666,kleinanzeigenkundenservice1762334410,pod28,2500,,,,,2,,0,0,Unknown,1,Unknown,MEDIUM
10192531,machhelp1597876664,pod13,2500,,,,,1,,0,0,Unknown,1,Unknown,MEDIUM
25566618,sealysingapore1753839806,pod15,2500,,,,,1,,0,0,Unknown,1,Unknown,MEDIUM
11599692,sfs1635430274,pod17,2500,,,,,7,,0,0,Unknown,1,Unknown,MEDIUM
18369519,contranscom1692905895,pod17,2500,,,,,8,,0,0,Unknown,1,Unknown,MEDIUM
26181560,dfinservice1771429049,pod27,2500,,,,,1,,0,0,Unknown,1,Unknown,MEDIUM
23005182,levi1731012535,pod13,2500,,,,,6,,0,0,Unknown,1,Unknown,MEDIUM
15081780,indigovdev1664481449,pod23,2500,,,,,402,,0,0,Unknown,1,Unknown,MEDIUM
26678697,totvsgestao1783525764,pod19,2500,,,,,4,,0,0,Unknown,1,Unknown,MEDIUM
23952035,apexfintechsolutionshelp1736950907,pod13,2500,,,,,34,,0,0,Unknown,1,Unknown,MEDIUM
12307069,stashinvesthelp1643668500,pod20,2500,100,30,,,1,1,0,0,Unknown,1,Unknown,MEDIUM
20401572,pdipong1711440163,pod15,2500,,,,,1,,0,0,Unknown,1,Unknown,MEDIUM
25785344,totvsgestao1759331272,pod19,2500,,,,30,35,,0,0,Unknown,1,Unknown,MEDIUM
9447607,esfa1567428279,pod18,2500,,30,,,39,,0,0,Unknown,1,Unknown,MEDIUM
25186256,thdmerchsolutions1748011839,pod20,2500,,,,,4,,0,0,Unknown,1,Unknown,MEDIUM
25330951,bet365cx1749475393,pod28,2500,,,,,29,,0,0,Unknown,1,Unknown,MEDIUM
26344466,etsy1775052593,pod23,2500,,,,,2,,0,0,Unknown,1,Unknown,MEDIUM
25871686,asos1761836159,pod31,2500,,,,30,1,,0,0,Unknown,1,Unknown,MEDIUM
24961213,supporttoyotaforklift1745822104,pod27,2500,100,30,,,4,2,0,0,Unknown,1,Unknown,MEDIUM
17700031,abinbevbe1687190722,pod20,2500,,,,30,75,,0,0,Unknown,1,Unknown,MEDIUM
26478770,tescosecurityoperations1778507853,pod17,2500,100,30,,,3,1,0,0,Unknown,1,Unknown,MEDIUM
19898901,ticketmaster1706909569,pod17,2500,,,,,8,,0,0,Unknown,1,Unknown,MEDIUM
11472631,abinbevpe1632870500,pod27,2500,,,,30,129,,0,0,Unknown,1,Unknown,MEDIUM
9166878,sfsnordics1550754459,pod17,2500,,,30,,11,,0,0,Unknown,1,Unknown,MEDIUM
16689401,currencycloud1678452942,pod28,2500,,,,,1,,0,0,Unknown,1,Unknown,MEDIUM
26682128,maxtrackhelp1783621694,pod13,2500,,,,,11,,0,0,Unknown,1,Unknown,MEDIUM
16908207,checkr1680308104,pod23,2500,,,,,5,,0,0,Unknown,1,Unknown,MEDIUM
17575391,afsit1686145325,pod27,2500,,,,,1,,0,0,Unknown,1,Unknown,MEDIUM
19363658,apria1701893350,pod20,2500,,,,,1,,0,0,Unknown,1,Unknown,MEDIUM
20206178,deltaobssupport1709737513,pod27,2500,,,,,2,,0,0,Unknown,1,Unknown,MEDIUM
10403344,twinspires1605212239,pod13,2500,,,30,,1,,0,0,Unknown,1,Unknown,MEDIUM
15690657,monday1669815512,pod18,2500,,,,,1,,0,0,Unknown,1,Unknown,MEDIUM
10098219,githubhr1594758090,pod20,2500,,,,,3,,0,0,Unknown,1,Unknown,MEDIUM
26381451,corp11775833352,pod19,2500,100,30,,,4,1,0,0,Unknown,1,Unknown,MEDIUM
26050865,lyd1767696912,pod17,2500,,,,,0,,0,0,Unknown,1,Unknown,MEDIUM
21892565,acessodigitalhelp1723724873,pod20,2500,,,,,1,,0,0,Unknown,1,Unknown,MEDIUM
19931661,c241707227369,pod18,2500,,,,30,87,,60,0,Unknown,1,Unknown,MEDIUM
26150921,abinbev971721770717260,pod31,2500,,,,,0,,0,0,Unknown,1,Unknown,MEDIUM
15091861,adhddiagnosis1664568295,pod23,2500,,,,,6,,0,0,Unknown,1,Unknown,MEDIUM
15635088,intralinks1669321587,pod27,2500,,,,30,5,,0,0,Unknown,1,Unknown,MEDIUM
19042588,mediaoceanhelp1698939811,pod23,2500,,,,,2,,0,0,Unknown,1,Unknown,MEDIUM
13007568,magasin1647608894,pod17,2500,,,,,2,,0,0,Unknown,1,Unknown,MEDIUM
16447303,pdi55pbx1676400120,pod13,2500,,,,,1,,0,0,Unknown,1,Unknown,MEDIUM
14846815,lyd1662464813,pod17,2500,,,,,0,,0,0,Unknown,1,Unknown,MEDIUM
26671917,cambridgeinternational1783337277,pod18,2500,,,,,28,,0,0,Unknown,1,Unknown,MEDIUM
22100623,uberfreight1725468668,pod19,2500,,,,,197,,0,0,Unknown,1,Unknown,MEDIUM
25959832,datadog1764586062,pod27,2500,,,,,115,,0,0,Unknown,1,Unknown,MEDIUM
15394220,abinbevtada1667225760,pod13,2500,,,,30,270,,0,0,Unknown,1,Unknown,MEDIUM
22173046,pagopa1726070539,pod17,2500,,,,,1,,0,0,Unknown,1,Unknown,MEDIUM
18078488,holman47651690356966,pod17,2500,,,,,10,,0,0,Unknown,1,Unknown,MEDIUM
12755210,pdiadelante1646130487,pod18,2500,,,,,4,,0,0,Unknown,1,Unknown,MEDIUM
24116010,sharkninja1738349344,pod28,2500,,,,30,45,,0,0,Unknown,1,Unknown,MEDIUM
15503144,cabify1668164776,pod18,2500,,,,,2,,0,0,Unknown,1,Unknown,MEDIUM
9484108,uphold1569321414,pod27,2500,,,,,50,,0,0,Unknown,1,Unknown,MEDIUM
22051021,firstkeyhomesresserv1725046930,pod27,2500,,,,,113,,0,0,Unknown,1,Unknown,MEDIUM
26224632,automicgroup1772400905,pod15,2500,,,,,0,,0,0,Unknown,1,Unknown,MEDIUM
24914883,occscheduling1745351505,pod20,2500,,,,,4,,0,0,Unknown,1,Unknown,MEDIUM
13966025,abinbevhnd1654889249,pod27,2500,,,,30,161,,0,0,Unknown,1,Unknown,MEDIUM
1075822,neonovacloud1469647216,pod23,2500,,,,,2,,0,0,Unknown,1,Unknown,MEDIUM
25888768,lmit1762335246,pod28,2500,,,,,1,,0,0,Unknown,1,Unknown,MEDIUM
11480191,bineo1633010523,pod19,2500,,,,,1,,0,0,Unknown,1,Unknown,MEDIUM
14567077,misenbullock1659992280,pod20,2500,,,,,316,,0,0,Unknown,1,Unknown,MEDIUM
19756488,abinbevcl1705584415,pod27,2500,,,,30,44,,0,0,Unknown,1,Unknown,MEDIUM
20393481,confelippetecnasistemas1711371354,pod20,2500,,,,,2,,0,0,Unknown,1,Unknown,MEDIUM
654518,justeatdk1422274495,pod17,2500,,,,,1,,0,0,Unknown,1,Unknown,MEDIUM
24797836,datadog1744222382,pod27,2500,,,,30,4,,0,0,Unknown,1,Unknown,MEDIUM
9485570,chtesting20190925,pod19,2500,100,30,30,,99,2,0,0,Unknown,1,Unknown,MEDIUM
14944534,coneclectkomiyama1663298708,pod25,2500,,,,,2,,0,0,Unknown,1,Unknown,MEDIUM
21428400,enterprisedb63801720078480,pod28,2500,,,,,59,,0,0,Unknown,1,Unknown,MEDIUM
17244158,mytaxi1683270487,pod18,2500,,,,,4,,0,0,Unknown,1,Unknown,MEDIUM
9143884,confluent1549477387,pod20,2500,,,,30,176,,0,0,Unknown,1,Unknown,MEDIUM
13890049,abinbevtz1654280966,pod27,2500,,,,30,59,,0,0,Unknown,1,Unknown,MEDIUM
22844809,pdifayebsgdemo1730385051,pod13,2500,,,,,8,,0,0,Unknown,1,Unknown,MEDIUM
15434752,nequi1667569410,pod13,2500,,,,,2,,0,0,Unknown,1,Unknown,MEDIUM
24972381,hdinvestigations1745927174,pod13,2500,,,,,4,,0,0,Unknown,1,Unknown,MEDIUM
26127349,shopify1770047431,pod13,2500,,,,,1,,0,0,Unknown,1,Unknown,MEDIUM
25922758,genoapay1763420116,pod17,2500,,,,,1,,0,0,Unknown,1,Unknown,MEDIUM
26317560,aegea1774528393,pod13,2500,,,,,156,,0,0,Unknown,1,Unknown,MEDIUM
24636483,d3vsalto21742807822,pod19,2500,,,,,83,,0,0,Unknown,1,Unknown,MEDIUM
15141153,netflix1665004029,pod23,2500,100,30,,30,6,1,0,0,Unknown,1,Unknown,MEDIUM
25381046,conroute10161750080831,pod28,2500,,,,,0,,0,0,Unknown,1,Unknown,MEDIUM
9806345,abinbevdr1585139284,pod23,2500,,,,,1,,0,0,Unknown,1,Unknown,MEDIUM
24991021,dfsgroup1746109353,pod17,2500,,,,,1,,0,0,Unknown,1,Unknown,MEDIUM
831517,twilio1444173614,pod27,2500,100,30,,,15,1,0,0,Unknown,1,Unknown,MEDIUM
10762853,abinbevbr1616507962,pod23,2500,,,,30,290,,0,0,Unknown,1,Unknown,MEDIUM
21482028,myboostbank1720503161,pod15,2500,100,30,,,10,1,0,0,Unknown,1,Unknown,MEDIUM
17235504,nuorder1683198391,pod27,2500,,,,,1,,0,0,Unknown,1,Unknown,MEDIUM
18971596,accentgroupsupport1698298940,pod25,2500,,,,,0,,0,0,Unknown,1,Unknown,MEDIUM
26005738,snapchat1766014525,pod20,2500,,,,,12,,0,0,Unknown,1,Unknown,MEDIUM
25767395,rytbankhelp1758704818,pod25,2500,,,,30,6,,0,0,Unknown,1,Unknown,MEDIUM
26486158,weberemea1778670916,pod29,2500,,,,,3,,0,0,Unknown,1,Unknown,MEDIUM
19012423,etsy1698679513,pod23,2500,,,,,2,,0,0,Unknown,1,Unknown,MEDIUM
16662079,spring1678223177,pod20,2500,,,,,34,,0,0,Unknown,1,Unknown,MEDIUM
25985561,conksw1765383190,pod13,2500,,,,,2,,0,0,Unknown,1,Unknown,MEDIUM
16611230,aspida1677786294,pod23,2500,,,,,2,,0,0,Unknown,1,Unknown,MEDIUM
17766604,accentsupportoffice1687744861,pod25,2500,,,,,0,,0,0,Unknown,1,Unknown,MEDIUM
2184366,uberfreight1515170373,pod19,2500,,,,,4,,0,0,Unknown,1,Unknown,MEDIUM
26642353,shopily1782333135,pod23,2500,,,,,3,,0,0,Unknown,1,Unknown,MEDIUM
21498836,pinterest21720625120,pod27,2500,100,30,30,,6,1,0,0,Unknown,1,Unknown,MEDIUM
25871467,networksgroup1761831593,pod19,2500,100,30,,,20,10,0,0,Unknown,1,Unknown,MEDIUM
25654520,casasbahia311161755785945,pod20,2500,,,,,1,,0,0,Unknown,1,Unknown,MEDIUM
12011093,githubit1641576378,pod19,2500,,,,,15,,0,0,Unknown,1,Unknown,MEDIUM
24776661,tollbrothers1744029528,pod19,2500,,,,,72,,0,0,Unknown,1,Unknown,MEDIUM
26432937,abinbev971721777300648,pod31,2500,,,,,1,,0,0,Unknown,1,Unknown,MEDIUM
13531317,conofficers1651492602,pod18,2500,,,,,1,,0,0,Unknown,1,Unknown,MEDIUM
25185634,thddmo1748006128,pod27,2500,,,,,4,,0,0,Unknown,1,Unknown,MEDIUM
11377571,suporteicatuseguros1630953499,pod19,2500,,,,,3,,0,0,Unknown,1,Unknown,MEDIUM
24680401,apexclearing1743175937,pod23,2500,,,,,1,,0,0,Unknown,1,Unknown,MEDIUM
19606771,gympasshelp1704201435,pod19,2500,100,30,30,,20,3,0,0,Unknown,1,Unknown,MEDIUM
1331520,zipcar1482168378,pod19,2500,,,,,5,,0,0,Unknown,1,Unknown,MEDIUM
26290767,aviancacargo1773995261,pod27,2500,,,,30,1,,0,0,Unknown,1,Unknown,MEDIUM
25397511,conbcrcxmoises1750272282,pod13,2500,,,,,0,,1,0,Unknown,1,Unknown,MEDIUM
21554295,giltsupport1721062854,pod23,2500,100,30,,,1,1,0,0,Unknown,1,Unknown,MEDIUM
26660082,tcetra1782926753,pod19,2500,,,,,9,,0,0,Unknown,1,Unknown,MEDIUM
23974179,lmpl1737130280,pod29,2500,,,,,6,,0,0,Unknown,1,Unknown,MEDIUM
2374466,roblox1531333111,pod20,2500,,,,,1,,0,0,Unknown,1,Unknown,MEDIUM
10386888,nuco1604618331,pod19,2500,,,,,5,,0,0,Unknown,1,Unknown,MEDIUM
26443966,employmentheroglobal1777601169,pod15,2500,,30,,,5,,0,0,Unknown,1,Unknown,MEDIUM
11486339,abbotthr1633131920,pod13,2500,100,30,,,11,11,0,0,Unknown,1,Unknown,MEDIUM
26521310,storis1779404543,pod20,2500,,,,,21,,0,0,Unknown,1,Unknown,MEDIUM
19221368,confluentusonly1700587126,pod20,2500,,,,,50,,0,0,Unknown,1,Unknown,MEDIUM
15821602,machhelp1670954235,pod13,2500,,,,,3,,0,0,Unknown,1,Unknown,MEDIUM
13084868,pdibcr1648073466,pod13,2500,,,,,2,,0,0,Unknown,1,Unknown,MEDIUM
16877419,sharkninja1680053744,pod28,2500,,,,,5,,0,0,Unknown,1,Unknown,MEDIUM
18128787,pdi1formation1690793718,pod17,2500,,,,,1,,0,0,Unknown,1,Unknown,MEDIUM
25710254,conbcrcxfabio1757012376,pod27,2500,,,,,0,,0,0,Unknown,1,Unknown,MEDIUM
25185893,inventoryaccounting1748008406,pod13,2500,,,,,4,,0,0,Unknown,1,Unknown,MEDIUM
26204078,slsontec1771934861,pod17,2500,,,,,3,,0,0,Unknown,1,Unknown,MEDIUM
902813,draftkings1452613992,pod19,2500,,,,,13,,0,0,Unknown,1,Unknown,MEDIUM
25518657,snapfinops1752680988,pod19,2500,100,30,,,14,2,0,0,Unknown,1,Unknown,MEDIUM
25890530,cuofco1762380339,pod20,2500,100,30,30,,30,1,0,0,Unknown,1,Unknown,MEDIUM
9130667,cx360-uat,pod19,2500,,,,30,12,,0,0,Unknown,1,Unknown,MEDIUM
11166594,abinbevus1627315505,pod20,2500,,,,30,103,,0,0,Unknown,1,Unknown,MEDIUM
19857614,bathandbodyworkscc1706537616,pod19,2500,,,30,,1,,0,0,Unknown,1,Unknown,MEDIUM
17525391,beesid1685714867,pod13,2500,,,,30,72,,0,0,Unknown,1,Unknown,MEDIUM
25186419,apfield1748013286,pod13,2500,,,,,4,,0,0,Unknown,1,Unknown,MEDIUM
22409771,pichincha1728058999,pod27,2500,,,,,1,,0,0,Unknown,1,Unknown,MEDIUM
874586,zuora1449597359,pod13,2500,100,30,,,1,1,0,0,Unknown,1,Unknown,MEDIUM
18008034,geniussportscx1689761420,pod28,2500,,,,,1,,0,0,Unknown,1,Unknown,MEDIUM
25618310,d3vbcrcx1755010995,pod20,2500,,,,,5,,0,0,Unknown,1,Unknown,MEDIUM
20196870,nfcsescalations1709659120,pod20,2500,,,,,2,,0,0,Unknown,1,Unknown,MEDIUM
14333853,altitude1657904271,pod23,2500,,,,,3,,0,0,Unknown,1,Unknown,MEDIUM
13809830,valon1653684680,pod20,2500,,,,30,62,,0,0,Unknown,1,Unknown,MEDIUM
25802424,genoapay1759878973,pod17,2500,,,,,2,,0,0,Unknown,1,Unknown,MEDIUM
23125312,kleinanzeigenkundenservice1731486632,pod28,2500,,,,,1,,0,0,Unknown,1,Unknown,MEDIUM
21582905,canvateam1721274583,pod15,2500,,,,30,157,,0,0,Unknown,1,Unknown,MEDIUM
10300535,globalizationpartners1601484985,pod19,2500,100,30,,30,10,9,0,0,Unknown,1,Unknown,MEDIUM
21642458,lyd1721737577,pod17,2500,,,,,5,,0,0,Unknown,1,Unknown,MEDIUM
14567111,misenzorn1659992431,pod27,2500,,,,,360,,0,0,Unknown,1,Unknown,MEDIUM
21095411,comcasthr1717426848,pod20,2500,,,30,,7,,0,0,Unknown,1,Unknown,MEDIUM
26598804,mauijim1780943610,pod23,2500,,,,,1,,0,0,Unknown,1,Unknown,MEDIUM
24534275,pdipjsuscdemo1741932734,pod25,2500,,,,,2,,0,0,Unknown,1,Unknown,MEDIUM
2358436,wbgamescs1529959488,pod19,2500,,,,,2,,0,0,Unknown,1,Unknown,MEDIUM
13941842,kroobank1654700472,pod17,2500,,,,30,4,,0,0,Unknown,1,Unknown,MEDIUM
26291423,abbottmedicalcsemea1774007219,pod18,2500,,,,,0,,0,0,Unknown,1,Unknown,MEDIUM
25152424,pdigravitycx1747696478,pod25,2500,,,,,3,,0,0,Unknown,1,Unknown,MEDIUM
10911865,abinbevglobal1620390808,pod13,2500,,,,30,63,,0,0,Unknown,1,Unknown,MEDIUM
11485190,dynatrace1633106639,pod23,2500,,,,,4,,0,0,Unknown,1,Unknown,MEDIUM
19238784,pdiascensospeople1700745490,pod17,2500,,,,,3,,0,0,Unknown,1,Unknown,MEDIUM
26116409,abbotthr1769684470,pod13,2500,100,30,,,12,10,0,0,Unknown,1,Unknown,MEDIUM
19745663,bookingzen61705487449,pod20,2500,,,,,0,,0,0,Unknown,1,Unknown,MEDIUM
19739841,peoplesnap1705433644,pod13,2500,,,,,4,,0,0,Unknown,1,Unknown,MEDIUM
26403169,abbottworkplace1776445951,pod20,2500,100,30,,,1,1,0,0,Unknown,1,Unknown,MEDIUM
15484786,thdoccanalytics1668012274,pod27,2500,,,,,4,,0,0,Unknown,1,Unknown,MEDIUM
11593854,sfsfrance1635324564,pod17,2500,,,,,2,,0,0,Unknown,1,Unknown,MEDIUM
15417465,thdoccresolutions1667422034,pod13,2500,,,,,1,,0,0,Unknown,1,Unknown,MEDIUM
26381241,abinbevmz1775828078,pod27,2500,,,,30,24,,0,0,Unknown,1,Unknown,MEDIUM
26001571,nhsresolutionit1765897341,pod17,2500,,,,,2,,0,0,Unknown,1,Unknown,MEDIUM
9163788,atendimentomagazineluiza1550608095,pod13,2500,,,,,1,,0,0,Unknown,1,Unknown,MEDIUM
26136795,githubfinance1770308715,pod27,2500,,,,,2,,0,0,Unknown,1,Unknown,MEDIUM
10883684,bizassure1619624628,pod13,2500,,,,30,1,,0,0,Unknown,1,Unknown,MEDIUM
19031385,igortecna1698848470,pod19,2500,,,,,2,,0,0,Unknown,1,Unknown,MEDIUM
26242558,avisbudgetgroup240361772788378,pod20,2500,,,,,1,,0,0,Unknown,1,Unknown,MEDIUM
24103948,remote1738249221,pod13,2500,,,,,1,,0,0,Unknown,1,Unknown,MEDIUM
25246912,adeohomeservices1748598975,pod17,2500,,,,,1,,0,0,Unknown,1,Unknown,MEDIUM
13647578,barnesandnoble1652385960,pod27,2500,,,,,2,,0,0,Unknown,1,Unknown,MEDIUM
16871787,amway1680008709,pod20,2500,100,30,,,33,1,0,0,Unknown,1,Unknown,MEDIUM
22007396,pichincha1724690163,pod27,2500,,,,,20,,0,0,Unknown,1,Unknown,MEDIUM
26373045,squarespace1775666299,pod13,2500,,,,30,25,,0,0,Unknown,1,Unknown,MEDIUM
16670538,scwx1678293390,pod27,2500,,,,,1,,0,0,Unknown,1,Unknown,MEDIUM
20184800,conascensostraining1709560716,pod29,2500,,,,,3,,0,0,Unknown,1,Unknown,MEDIUM
10610622,getchange1612172587,pod18,2500,,,,,4,,0,0,Unknown,1,Unknown,MEDIUM
21034544,penninteractive1716914140,pod13,2500,,,,,0,,1,0,Unknown,1,Unknown,MEDIUM
26313907,cofsharedservices1774455695,pod31,2500,100,30,,,7,1,0,0,Unknown,1,Unknown,MEDIUM
20994163,etsylegal1716565073,pod20,2500,,,,,7,,0,0,Unknown,1,Unknown,MEDIUM
1371123,nmtest,pod19,2500,100,30,,30,15,3,0,0,Unknown,1,Unknown,MEDIUM
16052739,conleotecnasistemas1673017161,pod19,2500,,,,,1,,0,0,Unknown,1,Unknown,MEDIUM
25999744,conviacxes1765843551,pod20,2500,,,,,2,,0,0,Unknown,1,Unknown,MEDIUM
16234022,2ksupport1674597388,pod19,2500,,,,,2,,0,0,Unknown,1,Unknown,MEDIUM
17952226,beesnl1689273678,pod27,2500,,,,30,39,,0,0,Unknown,1,Unknown,MEDIUM
20276609,tmocommissions1710343841,pod27,2500,,,,,6,,0,0,Unknown,1,Unknown,MEDIUM
17309571,getroman1683842845,pod13,2500,,,,,10,,0,0,Unknown,1,Unknown,MEDIUM
23694942,bowtieinsurance1734704339,pod25,2500,,,,,4,,0,0,Unknown,1,Unknown,MEDIUM
24666117,pdijtcg1743063104,pod25,2500,,,,,0,,0,0,Unknown,1,Unknown,MEDIUM
16729489,sfsspain1678805260,pod17,2500,,,,,11,,0,0,Unknown,1,Unknown,MEDIUM
25092310,footlockerapac1747120181,pod27,2500,,,,30,8,,0,0,Unknown,1,Unknown,MEDIUM
19351204,xs41701779353,pod20,2500,,,,,1,,0,0,Unknown,1,Unknown,MEDIUM
20552572,umgroyaltysupport1712765157,pod13,2500,,,,,17,,2,0,Unknown,1,Unknown,MEDIUM
16506096,lmfr1676903348,pod17,2500,,,,,64,,0,0,Unknown,1,Unknown,MEDIUM
2230318,bookingzen81519128552,pod20,2500,,,,,1,,0,0,Unknown,1,Unknown,MEDIUM
19216037,pdigrowthops1700539452,pod15,2500,,,,,1,,0,0,Unknown,1,Unknown,MEDIUM
25762705,reperiohealth1758564002,pod19,2500,,,,,2,,0,0,Unknown,1,Unknown,MEDIUM
25564070,smarterly1753784681,pod28,2500,,,,,2,,0,0,Unknown,1,Unknown,MEDIUM
19358066,contreesdemo1701844059,pod25,2500,,,,,1,,0,0,Unknown,1,Unknown,MEDIUM
25730607,twilio1757533875,pod27,2500,,,,,3,,0,0,Unknown,1,Unknown,MEDIUM
26227564,bjssupport1772468542,pod20,2500,,,,,2,,0,0,Unknown,1,Unknown,MEDIUM
24318653,apexfintechsolutionshelp1740079390,pod13,2500,,,,,31,,0,0,Unknown,1,Unknown,MEDIUM
26310224,healthtaphelp1774380100,pod20,2500,,,,,2,,0,0,Unknown,1,Unknown,MEDIUM
22256394,tollbrothers1726766405,pod19,2500,,,,,69,,0,0,Unknown,1,Unknown,MEDIUM
22150555,talkspace1725898086,pod27,2500,100,30,,,2,1,0,0,Unknown,1,Unknown,MEDIUM
11629139,mtseeft1635961414,pod17,2500,,,,30,33,,0,0,Unknown,1,Unknown,MEDIUM
24879154,pcom1744991297,pod20,2500,,,,,3,,0,0,Unknown,1,Unknown,MEDIUM
10981017,mettle1622212523,pod28,2500,,,,,1,,0,0,Unknown,1,Unknown,MEDIUM
23869989,cashortrade1736268406,pod13,2500,,,,,1,,0,0,Unknown,1,Unknown,MEDIUM
24578757,veeva1742311557,pod27,2500,,,,,103,,0,0,Unknown,1,Unknown,MEDIUM
9883233,preventsenior1587758280,pod13,2500,,,,,1,,0,0,Unknown,1,Unknown,MEDIUM
18062052,d3vsisconsulting1690224594,pod23,2500,,,,,2,,0,0,Unknown,1,Unknown,MEDIUM
25747665,congravitycx1758070609,pod25,2500,,,,,1,,0,0,Unknown,1,Unknown,MEDIUM
25295743,conthiagoturban1749065931,pod20,2500,,,,30,10,,0,0,Unknown,1,Unknown,MEDIUM
15757760,upfield1670401760,pod29,2500,,,,,9,,0,0,Unknown,1,Unknown,MEDIUM
26053159,pdiblinkcx1767765939,pod15,2500,,,,,0,,0,0,Unknown,1,Unknown,MEDIUM
16943942,topperpay1680624836,pod28,2500,100,30,,,94,1,0,0,Unknown,1,Unknown,MEDIUM
23510053,sfsus1733155207,pod27,2500,100,30,,,8,1,0,0,Unknown,1,Unknown,MEDIUM
26692589,samsaralegal1783961178,pod13,2500,,,,,54,,0,0,Unknown,1,Unknown,MEDIUM
18167933,pdiscsksw1691114649,pod25,2500,100,30,,,1,1,0,0,Unknown,1,Unknown,MEDIUM
22760904,takealot1730099678,pod28,2500,,,,,3,,0,0,Unknown,1,Unknown,MEDIUM
24140434,caredirect1738568346,pod17,2500,100,30,,,8,1,0,0,Unknown,1,Unknown,MEDIUM
24851537,supplychainassetprotection1744728736,pod20,2500,,,,,4,,0,0,Unknown,1,Unknown,MEDIUM
24213553,drfirsthelp1739189827,pod19,2500,,,,,2,,0,0,Unknown,1,Unknown,MEDIUM
17814467,fgsupporthelp1688131363,pod29,2500,,,,,1,,0,0,Unknown,1,Unknown,MEDIUM
19484768,carallel1703006135,pod19,2500,,,,,7,,0,0,Unknown,1,Unknown,MEDIUM
24611248,aboutyou1742578844,pod28,2500,300,30,,,2,2,0,0,Unknown,1,Unknown,MEDIUM
26610799,flixbus9211781277321,pod28,2500,100,30,,,11,11,0,0,Unknown,1,Unknown,MEDIUM
26276275,pdilotusthemes1773671794,pod18,2500,,,,,0,,0,0,Unknown,1,Unknown,MEDIUM
21704288,netwealth1722221298,pod15,2500,,,,,2,,0,0,Unknown,1,Unknown,MEDIUM
26483860,trulieve1778614099,pod20,2500,,,30,,2,,0,0,Unknown,1,Unknown,MEDIUM
19868870,medlinemarketing1706637118,pod19,2500,,,,,15,,0,0,Unknown,1,Unknown,MEDIUM
20592137,aboutyouhelp1713116728,pod18,2500,,,,,0,,0,0,Unknown,1,Unknown,MEDIUM
17771038,consum1687780080,pod18,2500,100,30,,,2,2,0,0,Unknown,1,Unknown,MEDIUM
26638469,bees183001782214850,pod18,2500,,,,30,64,,0,0,Unknown,1,Unknown,MEDIUM
14526322,beeskorea1659615851,pod20,2500,,,,30,72,,0,0,Unknown,1,Unknown,MEDIUM
10637075,monechelle1612973969,pod17,2500,,,,,2,,0,0,Unknown,1,Unknown,MEDIUM
24041365,bitpanda1737710406,pod28,2500,100,30,,,4,2,0,0,Unknown,1,Unknown,MEDIUM
15531395,gestorsabadell1668427733,pod17,2500,,,,,7,,0,0,Unknown,1,Unknown,MEDIUM
26060284,obramatsupport1767971093,pod19,2500,,,,,62,,0,0,Unknown,1,Unknown,MEDIUM
26240745,condudusisconsulting1772744598,pod27,2500,,,,,0,,0,0,Unknown,1,Unknown,MEDIUM
23306892,pdiplaytech1732193160,pod17,2500,,,,,1,,0,0,Unknown,1,Unknown,MEDIUM
14114057,pennymaccdl1656096490,pod27,2500,,,,30,7,,0,0,Unknown,1,Unknown,MEDIUM
15817515,demoofficers1670923370,pod18,2500,,,,30,1,,0,0,Unknown,1,Unknown,MEDIUM
25704054,vidaxlservicesprivatelimited1756893777,pod17,2500,,,,,1,,0,0,Unknown,1,Unknown,MEDIUM
22447073,conpresheep1728378620,pod15,2500,,,,,0,,0,0,Unknown,1,Unknown,MEDIUM
11248926,githubsecurity1628795289,pod27,2500,,,,,9,,0,0,Unknown,1,Unknown,MEDIUM
15397204,abinbevuy1667249329,pod20,2500,,,,30,69,,0,0,Unknown,1,Unknown,MEDIUM
17721749,draftkings1687365153,pod19,2500,,,,30,52,,0,0,Unknown,1,Unknown,MEDIUM
26284699,d3vunbabel1773850246,pod13,2500,,,,,1,,0,0,Unknown,1,Unknown,MEDIUM
23627712,remote1734126016,pod13,2500,100,30,,,30,4,0,0,Unknown,1,Unknown,MEDIUM
25949440,riotgames1764203688,pod19,2500,,,,,4,,0,0,Unknown,1,Unknown,MEDIUM
18561091,knowbe41694618449,pod19,2500,,,,,51,,0,0,Unknown,1,Unknown,MEDIUM
18788809,canvateam1696641530,pod15,2500,100,30,,30,244,5,0,0,Unknown,1,Unknown,MEDIUM
9810332,coupangarchive1585294533,pod25,2500,,,,,9,,0,0,Unknown,1,Unknown,MEDIUM
17274351,virginpulse1683549045,pod27,2500,,,,30,12,,0,0,Unknown,1,Unknown,MEDIUM
25763976,samsungads1758605110,pod20,2500,,,,,1,,0,0,Unknown,1,Unknown,MEDIUM
22236943,edgenuity1726612266,pod23,2500,,,,,4,,0,0,Unknown,1,Unknown,MEDIUM
24586688,aboutyou1742376793,pod28,2500,,,,,0,,0,0,Unknown,1,Unknown,MEDIUM
13707801,collectivehealthsupport1652898004,pod27,2500,,,,,1,,0,0,Unknown,1,Unknown,MEDIUM
24777673,blacklocus1744037831,pod23,2500,,,,,4,,0,0,Unknown,1,Unknown,MEDIUM
15484836,caresharedservices1668012686,pod27,2500,,,,,1,,0,0,Unknown,1,Unknown,MEDIUM
11717668,pdi3cl3ctdemo1637542137,pod15,2500,,,,,1,,0,0,Unknown,1,Unknown,MEDIUM
24025892,compusoftgrouphelp1737578628,pod17,2500,,,,,57,,0,0,Unknown,1,Unknown,MEDIUM
11798672,grubhubpeopleteam1638816171,pod20,2500,,,,,4,,0,0,Unknown,1,Unknown,MEDIUM
25910521,pdiclassmethod1762991199,pod15,2500,,,,,34,,0,0,Unknown,1,Unknown,MEDIUM
19197977,ingrammicrosupport1700367431,pod20,2500,100,30,,,106,37,0,0,Unknown,1,Unknown,MEDIUM
9713925,d3vuniquelyparticular1580997216,pod23,2500,,,,,2,,0,0,Unknown,1,Unknown,MEDIUM
20325431,geoservices1710771643,pod29,2500,,,,,2,,0,0,Unknown,1,Unknown,MEDIUM
720800,justeates1430141539,pod17,2500,,,,,2,,0,0,Unknown,1,Unknown,MEDIUM
15068412,abinbevug1664372738,pod20,2500,,,,30,56,,0,0,Unknown,1,Unknown,MEDIUM
26698206,pdiviaconsulting210271784119747,pod20,2500,,,,,5,,0,0,Unknown,1,Unknown,MEDIUM
25882481,togetherwork1762185017,pod13,2500,,,,,0,,0,0,Unknown,1,Unknown,MEDIUM
11666828,d3vunbabel1636627668,pod13,2500,100,30,,,8,4,0,0,Unknown,1,Unknown,MEDIUM
25846257,reverb1761148168,pod27,2500,,,,,3,,0,0,Unknown,1,Unknown,MEDIUM
25284616,safecorp1748961535,pod23,2500,,,,,4,,0,0,Unknown,1,Unknown,MEDIUM
25496625,scwx1752154821,pod27,2500,,,,,3,,0,0,Unknown,1,Unknown,MEDIUM
25730951,philhelp1757545817,pod20,2500,,,,30,4,,0,0,Unknown,1,Unknown,MEDIUM
14531474,misenbayer1659641289,pod23,2500,,,,,360,,0,0,Unknown,1,Unknown,MEDIUM
25749225,condatabeys1758111918,pod17,2500,,,,,2,,0,0,Unknown,1,Unknown,MEDIUM
11090424,abinbevza1625261498,pod28,2500,,,,30,150,,0,0,Unknown,1,Unknown,MEDIUM
22366999,globalclientservices1727707940,pod20,2500,,,,,2,,0,0,Unknown,1,Unknown,MEDIUM
24680528,apexclearing1743176797,pod23,2500,100,30,,,600,33,0,0,Unknown,1,Unknown,MEDIUM
23625510,confayebsgdw1734107886,pod17,2500,,,,,1,,0,0,Unknown,1,Unknown,MEDIUM
16726727,5cademo3nv1678783895,pod17,2500,,,,,1,,0,0,Unknown,1,Unknown,MEDIUM
19690549,adeohomeservices1704970811,pod17,2500,100,30,,,2,1,0,0,Unknown,1,Unknown,MEDIUM
1981677,expediaan1500490271,pod18,2500,,,,,6,,0,0,Unknown,1,Unknown,MEDIUM
14567086,misenmoss1659992338,pod19,2500,,,,,360,,0,0,Unknown,1,Unknown,MEDIUM
9535277,chtraining20191024,pod19,2500,,,,30,22,,0,0,Unknown,1,Unknown,MEDIUM
19142756,adeocore1699867383,pod28,2500,,,,,62,,0,0,Unknown,1,Unknown,MEDIUM
17159718,abinbevic1682529273,pod20,2500,,,,30,128,,0,0,Unknown,1,Unknown,MEDIUM
17350601,memberservicesmountsinai1684208845,pod23,2500,,,,,0,,1,0,Unknown,1,Unknown,MEDIUM
18684744,solarisfirstline1695715611,pod29,2500,,,,,1,,0,0,Unknown,1,Unknown,MEDIUM
25024984,hdcustomerloyalty1746459804,pod27,2500,,,,,4,,0,0,Unknown,1,Unknown,MEDIUM
22327300,hollandandbarretthelp1727363657,pod18,2500,,,,,1,,0,0,Unknown,1,Unknown,MEDIUM
16671771,riotgames1678303009,pod19,2500,,,,,1,,0,0,Unknown,1,Unknown,MEDIUM
25761972,chrono241758546023,pod28,2500,,,30,,17,,0,0,Unknown,1,Unknown,MEDIUM
26172233,pdisynergyes1771218394,pod15,2500,,,,,1,,0,0,Unknown,1,Unknown,MEDIUM
19821470,pdinetelevenhelp1706187683,pod18,2500,,,,,2,,0,0,Unknown,1,Unknown,MEDIUM
15485309,occscheduling1668015743,pod20,2500,,,,,7,,0,0,Unknown,1,Unknown,MEDIUM
20158069,velocredito1709317830,pod20,2500,,,,,1,,0,0,Unknown,1,Unknown,MEDIUM
23332421,afsit1732292496,pod27,2500,,,,,1,,0,0,Unknown,1,Unknown,MEDIUM
9576831,netwealth1574197535,pod15,2500,,,,,2,,0,0,Unknown,1,Unknown,MEDIUM
18583755,pdiwalterbridge1694813129,pod23,2500,,,,,0,,1,0,Unknown,1,Unknown,MEDIUM
20552586,universalmusicgroup1712765340,pod27,2500,,,,,1,,0,0,Unknown,1,Unknown,MEDIUM
1411242,justeatit1485268020,pod29,2500,,,,,6,,0,0,Unknown,1,Unknown,MEDIUM
23683595,mscontactcentre1734605220,pod28,2500,,,,,1,,0,0,Unknown,1,Unknown,MEDIUM
26634701,pdinautilusnetwork1782094121,pod25,2500,100,30,,,4,5,0,0,Unknown,1,Unknown,MEDIUM
19959436,tecnomat1707479912,pod17,2500,,,,,2,,0,0,Unknown,1,Unknown,MEDIUM
23284789,adeocore1732109243,pod28,2500,,,,,48,,0,0,Unknown,1,Unknown,MEDIUM
19350188,aegea1701769668,pod13,2500,,,,,1,,0,0,Unknown,1,Unknown,MEDIUM
10991695,abinbevco1622553205,pod13,2500,,,,30,282,,0,0,Unknown,1,Unknown,MEDIUM
18424610,medlinecs1693403599,pod13,2500,,,,,15,,0,0,Unknown,1,Unknown,MEDIUM
9455085,slscapventis1567771540,pod18,2500,,,,,6,,0,0,Unknown,1,Unknown,MEDIUM
25677409,adeo89101756299025,pod18,2500,,,,,1,,0,0,Unknown,1,Unknown,MEDIUM
13707540,abinbevar1652897157,pod27,2500,,,,30,168,,0,0,Unknown,1,Unknown,MEDIUM
24609788,thddelivery1742567517,pod23,2500,,,,,4,,0,0,Unknown,1,Unknown,MEDIUM
24313881,contreesdemo1740041320,pod25,2500,100,30,,,6,2,0,0,Unknown,1,Unknown,MEDIUM
19858049,pdiplurielldemo1706541319,pod17,2500,,,,,18,,0,0,Unknown,1,Unknown,MEDIUM
24209819,drfirsthelp1739158479,pod19,2500,,,,,57,,0,0,Unknown,1,Unknown,MEDIUM
22610090,bet365cx1729599673,pod28,2500,,,,,11,,0,0,Unknown,1,Unknown,MEDIUM
1036025,arcticwolf1465999203,pod27,2500,,,,30,69,,0,0,Unknown,1,Unknown,MEDIUM
17952977,abbott60361689279708,pod17,2500,,,,,7,,1,0,Unknown,1,Unknown,MEDIUM
22872234,holastanley1730492362,pod13,2500,,,,,1,,0,0,Unknown,1,Unknown,MEDIUM
20742811,mtseeft1714416537,pod17,2500,100,30,,,16,6,0,0,Unknown,1,Unknown,MEDIUM
11540077,workiva1634233281,pod20,2500,,,,30,1,,0,0,Unknown,1,Unknown,MEDIUM
13340513,abinbevpy1649957909,pod27,2500,,,,30,114,,0,0,Unknown,1,Unknown,MEDIUM
25277495,degreed1748894603,pod28,2500,,,,,3,,0,0,Unknown,1,Unknown,MEDIUM
20366477,cybergrx1711122211,pod27,2500,100,30,,,91,5,257,0,Unknown,1,Unknown,MEDIUM
12995369,abinbevca1647536482,pod20,2500,,,,30,134,,0,0,Unknown,1,Unknown,MEDIUM
15968676,suportepicpaypj1672263502,pod27,2500,,,,,1,,0,0,Unknown,1,Unknown,MEDIUM
16754422,aviancahelp1679002404,pod27,2500,,,,,5,,0,0,Unknown,1,Unknown,MEDIUM
26679415,omadahealth1783547301,pod19,2500,100,30,,,100,3,0,0,Unknown,1,Unknown,MEDIUM
21275784,lmes36221718885020,pod17,2500,,,,,9,,0,0,Unknown,1,Unknown,MEDIUM
14567097,misenrunestad1659992390,pod20,2500,,,,,196,,0,0,Unknown,1,Unknown,MEDIUM
9495520,takeaway1569928411,pod17,2500,,,,30,66,,0,0,Unknown,1,Unknown,MEDIUM
15435221,abinbevmx1667573327,pod20,2500,,,,,0,,1,0,Unknown,1,Unknown,MEDIUM
18102375,abinbevbo1690550126,pod25,2500,,,,30,121,,0,0,Unknown,1,Unknown,MEDIUM
25658403,pichincha1755872418,pod27,2500,,,,,2,,0,0,Unknown,1,Unknown,MEDIUM
23820300,gemini241735838340,pod27,2500,100,30,30,,174,110,10,0,Unknown,1,Unknown,MEDIUM
13966018,abinbevslv1654889182,pod27,2500,,,,30,133,,0,0,Unknown,1,Unknown,MEDIUM
22639303,wickeshrservices1729694664,pod17,2500,,,,,1,,0,0,Unknown,1,Unknown,MEDIUM
1499441,safeguardworld1486739914,pod17,2500,,,,,3,,0,0,Unknown,1,Unknown,MEDIUM
26694861,d3vmentiora1784027563,pod18,2500,,,,,11,,0,0,Unknown,1,Unknown,MEDIUM
10966190,abinbevec1621863362,pod20,2500,,,,30,180,,0,0,Unknown,1,Unknown,MEDIUM
16079969,moonactive1673269344,pod18,2500,,,,,0,,0,0,Unknown,1,Unknown,MEDIUM
24042807,sofologyltd1737722468,pod18,2500,,,,,1,,0,0,Unknown,1,Unknown,MEDIUM
26120607,zedeliveryabi1769800314,pod17,2500,,,,,9,,0,0,Unknown,1,Unknown,MEDIUM
20368161,medlinegeneralcompliance1711136268,pod13,2500,,,,,15,,0,0,Unknown,1,Unknown,MEDIUM
25787654,adeomarketplace1759400107,pod17,2500,,,,,12,,0,0,Unknown,1,Unknown,MEDIUM
13757754,cambridgeinternational1653311512,pod17,2500,,,,,3,,0,0,Unknown,1,Unknown,MEDIUM
21341813,abinbevgh1719405259,pod27,2500,,,,30,68,,0,0,Unknown,1,Unknown,MEDIUM
18745396,conbrainstorming1696257808,pod19,2500,,,,,2,,0,0,Unknown,1,Unknown,MEDIUM
25185785,thdoccresolutions1748007432,pod13,2500,,,,,4,,0,0,Unknown,1,Unknown,MEDIUM
10956771,conestps21621590018,pod25,2500,,,,,0,,0,0,Unknown,1,Unknown,MEDIUM
17227372,willing1683129148,pod23,2500,,,30,,81,,12,0,Unknown,1,Unknown,MEDIUM
22223464,retailsupport1726502826,pod27,2500,,,,,14,,0,0,Unknown,1,Unknown,MEDIUM
22507449,shellhelp1728888191,pod17,2500,,,,,3,,0,0,Unknown,1,Unknown,MEDIUM
19925470,gitlab1707170878,pod28,2500,,,,,4,,0,0,Unknown,1,Unknown,MEDIUM
9332669,tranesupport1560994553,pod13,2500,,,,,3,,0,0,Unknown,1,Unknown,MEDIUM
15484771,thdoccwfm1668012218,pod27,2500,,,,,1,,0,0,Unknown,1,Unknown,MEDIUM
12943930,canvachina1647240434,pod25,2500,100,30,,,71,5,0,0,Unknown,1,Unknown,MEDIUM
18105058,abbott60361690571539,pod17,2500,,,,,0,,0,0,Unknown,1,Unknown,MEDIUM
17626696,onlyfans1686581731,pod28,2500,,,,,10,,0,0,Unknown,1,Unknown,MEDIUM
11184197,wickes1627651414,pod17,2500,,,,,4,,0,0,Unknown,1,Unknown,MEDIUM
24860875,thdfi1744812594,pod13,2500,,,,,4,,0,0,Unknown,1,Unknown,MEDIUM
10303435,nmtest21601573970,pod20,2500,,,,,2,,0,0,Unknown,1,Unknown,MEDIUM
14153119,abinbevuk1656425716,pod20,2500,,,,30,22,,0,0,Unknown,1,Unknown,MEDIUM
2319730,menulog1526460108,pod15,2500,,,,,1,,0,0,Unknown,1,Unknown,MEDIUM
13563739,abinbevpan1651747524,pod23,2500,,,,30,144,,0,0,Unknown,1,Unknown,MEDIUM
19088033,trustpaymentssupport1699363661,pod17,2500,,,,,3,,0,0,Unknown,1,Unknown,MEDIUM
17730650,conleafworks1687437872,pod18,2500,,,,,0,,0,0,Unknown,1,Unknown,MEDIUM
20621828,trustpilotcompliance1713368447,pod29,2500,,,,,61,,0,0,Unknown,1,Unknown,MEDIUM
22544796,roblox1729179077,pod20,2500,,,,,21,,0,0,Unknown,1,Unknown,MEDIUM
25987661,coupangtw1765445193,pod25,2500,,,,,1,,0,0,Unknown,1,Unknown,MEDIUM
24603008,veeva1742508912,pod27,2500,,,,,105,,0,0,Unknown,1,Unknown,MEDIUM
17871400,onecomhelp1688625575,pod17,2500,,,,,18,,0,0,Unknown,1,Unknown,MEDIUM
15533181,squarespace1668441846,pod13,2500,,,,,1,,0,0,Unknown,1,Unknown,MEDIUM
19338329,fairpriceon1701663131,pod25,2500,,,,,1,,0,0,Unknown,1,Unknown,MEDIUM
19561992,monday1703751743,pod18,2500,,,,,14,,0,0,Unknown,1,Unknown,MEDIUM
17625861,beesph1686575374,pod23,2500,,,,30,109,,0,0,Unknown,1,Unknown,MEDIUM
26008174,coninamarz1766090978,pod18,2500,,,,,1,,0,0,Unknown,1,Unknown,MEDIUM
26077120,pcgeducation1768487584,pod19,2500,,,,,2,,0,0,Unknown,1,Unknown,MEDIUM
18896427,lmpt1697622547,pod17,2500,,,,,1,,0,0,Unknown,1,Unknown,MEDIUM
2372913,transformsupport1531228581,pod18,2500,,,,,7,,0,0,Unknown,1,Unknown,MEDIUM
26138923,datadog1770372073,pod27,2500,,,,,1,,0,0,Unknown,1,Unknown,MEDIUM
16663764,philhelp1678237259,pod20,2500,,,,,9,,0,0,Unknown,1,Unknown,MEDIUM
523942,justeatukpoc1399564481,pod29,2500,,30,,,20,,0,0,Unknown,1,Unknown,MEDIUM
24444331,betmgm1741172176,pod20,2500,,,,,7,,0,0,Unknown,1,Unknown,MEDIUM
26066224,reapglobal1768189083,pod15,2500,,,,,1,,0,0,Unknown,1,Unknown,MEDIUM
24070624,personio1737971787,pod29,2500,,,,30,4,,0,0,Unknown,1,Unknown,MEDIUM
25831581,subito1760682247,pod28,2500,,,,,9,,0,0,Unknown,1,Unknown,MEDIUM
21725127,prosper1722374722,pod20,1400,,,,,1,,0,0,Unknown,1,Unknown,NORMAL
